AS9601.fa	AS9601
BL107.fa	BL107
CB0101.fa	CB0101
CC9311.fa	CC9311
CC9605.fa	CC9605
CC9616.fa	CC9616
CC9902.fa	CC9902
CCMP1375.fa	CCMP1375
HIMB2401.fa	HIMB2401
GEYO.fa	GEYO
GP2.fa	GP2
KORDI100.fa	KORDI100
KORDI49.fa	KORDI49
KORDI52.fa	KORDI52
MED4.fa	MED4
MIT9107.fa	MIT9107
MIT9201.fa	MIT9201
MIT9202.fa	MIT9202
MIT9211.fa	MIT9211
MIT9215.fa	MIT9215
MIT9301.fa	MIT9301
MIT9302.fa	MIT9302
MIT9303.fa	MIT9303
MIT9311.fa	MIT9311
MIT9313.fa	MIT9313
MIT9314.fa	MIT9314
MIT9321.fa	MIT9321
MIT9515.fa	MIT9515
MITS9508.fa	MITS9508
MITS9509.fa	MITS9509
N19.fa	N19
N26.fa	N26
N32.fa	N32
N5.fa	N5
NATL1A.fa	NATL1A
NATL2A.fa	NATL2A
PAC1.fa	PAC1
PCC6307.fa	PCC6307
PCC7001.fa	PCC7001
RCC307.fa	RCC307
RS9916.fa	RS9916
RS9917.fa	RS9917
SB.fa	SB
UW105.fa	UW105
UW106.fa	UW106
UW140.fa	UW140
UW179A.fa	UW179A
UW179B.fa	UW179B
UW69.fa	UW69
UW86.fa	UW86
WH7803.fa	WH7803
WH7805.fa	WH7805
WH8016.fa	WH8016
WH8020.fa	WH8020
WH8102.fa	WH8102
WH8109.fa	WH8109
PCC7421.fa	PCC7421
